"Mortality.Target","weighted_avg_ANC4","weighted_avg_SBA"
"Off-track",44.4633172969113,64.0511319290749
"On Track",53.3996609763691,77.6430955709101
