"Mortality.Target","weighted_avg_ANC4","weighted_avg_SBA"
"Off-track",44.4633172969113,64.0511319290749
"On Track",50.6957994447323,78.704236534578
